fid,filename,filepath,uri,mid
131,"Hero - Events",hero-area_events.svg,public://hero-area_events.svg,231
132,"Hero - Marine",hero-area_marine.svg,public://hero-area_marine.svg,232
133,"Hero - Urban",hero-area_urban.svg,public://hero-area_urban.svg,233
134,"Hero - Woodland with people",hero-area_woodland_with_people.svg,public://hero-area_woodland_with_people.svg,234
135,"Hero - Bluebells",hero-search_area_bluebells.svg,public://hero-search_area_bluebells.svg,235
136,"Hero - Dragonfly",hero-search_area_dragonfly.svg,public://hero-search_area_dragonfly.svg,236
137,"Hero - People and wildlife",hero-search_area_people_and_wildlife.svg,public://hero-search_area_people_and_wildlife.svg,237
138,"Spotlight - Barn Owl with people",spotlight-area_barn_owl_with_people.svg,public://spotlight-area_barn_owl_with_people.svg,238
139,"Spotlight - Children and Hedgehog",spotlight-area_children_and_hedgehog.svg,public://spotlight-area_children_and_hedgehog.svg,239
140,"Spotlight - Marine",spotlight-area_marine.svg,public://spotlight-area_marine.svg,160
141,"Spotlight - Mixed land and sea",spotlight-area_mixed_land_and_sea.svg,public://spotlight-area_mixed_land_and_sea.svg,161
142,"Spotlight - Mixed land Hare and Woodpecker",spotlight-area_mixed_land_hare_and_woodpecker.svg,public://spotlight-area_mixed_land_hare_and_woodpecker.svg,162
143,"Spotlight - Swifts and meadow",spotlight-area_swifts_and_meadow.svg,public://spotlight-area_swifts_and_meadow.svg,163
145,"Spotlight - Upland",spotlight-area_upland.svg,public://spotlight-area_upland.svg,164
146,"Spotlight - Urban",spotlight-area_urban.svg,public://spotlight-area_urban.svg,165
147,"Spotlight - Urban no church",spotlight-area_urban_no_church.svg,public://spotlight-area_urban_no_church.svg,166
148,"Spotlight - Wetland wildlife",spotlight-area_wetland_wildlife.svg,public://spotlight-area_wetland_wildlife.svg,167
